make,condition,total_vehicles,average_price
Acura,Excellent,15965,22822.81
Acura,Good,20182,21696.98
Acura,Fair,4000,19490.91
Audi,Excellent,16227,28801.0
Audi,Good,19846,27319.84
Audi,Fair,3949,24185.48
BMW,Excellent,15692,26445.67
BMW,Good,20195,25288.08
BMW,Fair,3953,22665.75
Cadillac,Excellent,16017,31694.89
Cadillac,Good,19909,29980.22
Cadillac,Fair,3921,27094.1
Chevrolet,Excellent,16061,15656.54
Chevrolet,Good,19937,14986.89
Chevrolet,Fair,3984,13584.47
Chrysler,Excellent,15959,18458.27
Chrysler,Good,20067,17699.92
Chrysler,Fair,4033,15969.78
Dodge,Excellent,15894,16344.68
Dodge,Good,20059,15594.4
Dodge,Fair,4082,14375.06
Ford,Excellent,16155,14351.03
Ford,Good,19729,13697.33
Ford,Fair,3958,12161.72
GMC,Excellent,16040,20008.75
GMC,Good,19797,18920.7
GMC,Fair,3917,17354.4
Honda,Excellent,15984,11689.32
Honda,Good,19942,11103.41
Honda,Fair,4089,9811.4
Hyundai,Excellent,15723,10311.07
Hyundai,Good,19686,9758.84
Hyundai,Fair,3909,8688.19
Jeep,Excellent,16163,17207.63
Jeep,Good,19800,16371.67
Jeep,Fair,4043,14786.7
Kia,Excellent,16247,10568.32
Kia,Good,20177,10163.4
Kia,Fair,4060,9330.77
Land Rover,Excellent,16045,41151.99
Land Rover,Good,20149,39045.43
Land Rover,Fair,3939,35107.62
Lexus,Excellent,16018,25006.06
Lexus,Good,19884,23872.33
Lexus,Fair,4019,21545.23
Mazda,Excellent,16081,11921.7
Mazda,Good,20207,11444.23
Mazda,Fair,3959,10199.33
Mercedes-Benz,Excellent,15950,30405.63
Mercedes-Benz,Good,19726,28766.79
Mercedes-Benz,Fair,4118,25860.47
Nissan,Excellent,16071,10929.67
Nissan,Good,20112,10431.2
Nissan,Fair,4034,9422.85
Porsche,Excellent,16092,44546.66
Porsche,Good,20076,42643.28
Porsche,Fair,4042,38660.16
Ram,Excellent,16066,19261.44
Ram,Good,20103,18387.11
Ram,Fair,3979,16535.11
Subaru,Excellent,16088,13693.8
Subaru,Good,20097,12955.12
Subaru,Fair,4045,11758.34
Tesla,Excellent,16064,33658.05
Tesla,Good,20217,32090.17
Tesla,Fair,3945,29059.38
Toyota,Excellent,15811,12249.41
Toyota,Good,19845,11682.65
Toyota,Fair,3971,10463.8
Volkswagen,Excellent,15978,12988.47
Volkswagen,Good,20089,12362.54
Volkswagen,Fair,3987,11210.47
Volvo,Excellent,15982,28102.62
Volvo,Good,19852,26669.95
Volvo,Fair,4008,23875.16
