make,model,total_vehicles,average_price,median_price
Porsche,Macan,10034,43241.53,41804.020000000004
Porsche,Panamera,10090,42989.57,41368.45
Porsche,Cayenne,10070,42939.76,41261.02
Porsche,911,10016,42847.65,40986.685
Land Rover,Range Rover,13389,39607.14,38045.58
Land Rover,Defender,13423,39500.83,37732.81
Land Rover,Discovery,13321,39394.89,37723.58
Tesla,Model 3,10107,32483.5,31243.28
Tesla,Model Y,10033,32437.7,31215.76
Tesla,Model X,10046,32422.42,31252.565000000002
Tesla,Model S,10040,32332.21,31031.285
Cadillac,Lyriq,10055,30542.5,29438.76
Cadillac,Escalade,9890,30418.21,29241.655
Cadillac,XT5,9892,30290.89,29110.68
Cadillac,CT5,10010,30288.81,29169.815
Mercedes-Benz,E-Class,9999,29196.77,27981.13
Mercedes-Benz,S-Class,9764,29167.26,28031.795
Mercedes-Benz,GLE,10072,29073.53,27799.125
Mercedes-Benz,C-Class,9959,29055.21,27895.13
Audi,R8,8045,27670.36,26506.25
Audi,A6,7893,27660.53,26768.74
Audi,Q7,8165,27601.5,26501.34
Audi,A4,7931,27595.63,26401.88
Audi,Q5,7988,27527.82,26503.7
Volvo,S60,9964,27042.05,26073.53
Volvo,XC60,10008,27010.62,26003.565000000002
Volvo,V60,9837,26932.73,26009.45
Volvo,XC90,10033,26868.62,25788.53
BMW,X5,7823,25775.15,24773.74
BMW,X3,7996,25498.69,24504.14
BMW,3 Series,7871,25448.58,24411.2
BMW,5 Series,8079,25437.16,24559.34
BMW,M3,8071,25267.84,24263.28
Lexus,IS,7904,24164.48,23282.55
Lexus,RX,8065,24160.55,23078.56
Lexus,ES,7990,24064.95,23252.375
Lexus,GX,7930,24055.8,23078.6
Lexus,NX,8032,24019.24,22870.120000000003
Acura,MDX,9976,22009.93,21202.785
Acura,RDX,10111,21973.83,21184.14
Acura,TLX,9971,21889.73,20984.19
Acura,Integra,10089,21826.48,20906.94
GMC,Acadia,9860,19291.97,18615.495000000003
GMC,Sierra,10029,19228.41,18455.35
GMC,Terrain,10031,19176.13,18493.59
GMC,Yukon,9834,19124.9,18339.39
Ram,1500,13145,18615.23,18014.63
Ram,3500,13464,18541.34,17887.625
Ram,2500,13539,18505.49,17701.7
Chrysler,Pacifica,19857,17844.08,17132.16
Chrysler,300,20202,17811.91,17031.215
Jeep,Compass,10061,16659.52,15970.04
Jeep,Cherokee,10067,16639.81,16084.65
Jeep,Grand Cherokee,9968,16495.27,15841.75
Jeep,Wrangler,9910,16399.54,15739.98
Dodge,Challenger,13239,15844.99,15205.9
Dodge,Charger,13457,15757.98,15105.02
Dodge,Durango,13339,15701.5,15081.23
Chevrolet,Silverado,7894,15284.33,14716.465
Chevrolet,Equinox,8026,15205.21,14501.49
Chevrolet,Camaro,7901,15064.1,14386.12
Chevrolet,Tahoe,7991,15053.57,14402.92
Chevrolet,Malibu,8170,14977.71,14431.735
Ford,Mustang,8019,13914.89,13164.44
Ford,Explorer,7979,13843.37,13197.79
Ford,F-150,7961,13818.82,13153.0
Ford,Focus,8004,13739.24,13231.39
Ford,Escape,7879,13731.61,13128.71
Subaru,Impreza,10083,13257.19,12781.0
Subaru,Crosstrek,10147,13130.57,12537.74
Subaru,Forester,10038,13128.91,12571.715
Subaru,Outback,9962,13002.54,12379.119999999999
Volkswagen,Jetta,7931,12572.26,11887.61
Volkswagen,Atlas,8079,12553.13,11853.95
Volkswagen,Golf,8012,12508.68,11847.28
Volkswagen,Passat,8058,12472.05,11872.915
Volkswagen,Tiguan,7974,12381.53,11832.779999999999
Toyota,Highlander,7943,11896.27,11346.34
Toyota,Tacoma,7937,11784.96,11100.47
Toyota,Camry,8030,11763.92,11087.59
Toyota,Corolla,7837,11752.29,11104.84
Toyota,RAV4,7880,11735.16,11092.395
Mazda,Mazda6,10094,11586.62,10974.990000000002
Mazda,CX-5,10014,11539.74,10921.415
Mazda,CX-9,10122,11537.15,10872.075
Mazda,Mazda3,10017,11385.87,10621.0
Honda,Pilot,8003,11269.89,10700.66
Honda,Odyssey,7996,11254.07,10605.795
Honda,CR-V,7967,11195.44,10675.17
Honda,Civic,7949,11170.69,10546.7
Honda,Accord,8100,11137.62,10489.105
Nissan,Pathfinder,7988,10602.28,9960.715
Nissan,Rogue,8086,10536.21,9765.654999999999
Nissan,Titan,8124,10520.97,9825.145
Nissan,Altima,8025,10498.01,9787.18
Nissan,Sentra,7994,10489.02,9835.525000000001
Kia,Sportage,8103,10291.5,9601.03
Kia,Forte,8196,10275.8,9612.52
Kia,Telluride,8123,10260.37,9645.0
Kia,Optima,7965,10210.33,9508.53
Kia,Sorento,8097,10172.99,9544.87
Hyundai,Elantra,9707,9961.34,9238.46
Hyundai,Tucson,9860,9930.03,9226.855
Hyundai,Santa Fe,9874,9826.82,9176.490000000002
Hyundai,Sonata,9877,9776.31,9095.4
